Workbook

Sheet Settings
A1: Counterpart MVP — Plan Settings (Revised)
A3: Edit values in column B. The plan is now scoped around memory + summary + logging, not the full classifier. Dates compute from start date.
A5: Setting | B5: Value | C5: Notes
A6: Plan start date | B6: 2026-05-11 | C6: First working day.
A7: Working days per week | B7: 5 | C7: 5 = mon-fri, 6 = include sat, 7 = include sun.
A8: Hours per working day | B8: 8 | C8: Realistic hours of focused work per day.
A9: Skip weekends | B9: =TRUE() -> TRUE | C9: TRUE = saturdays and sundays non-working.
A10: Founder solo | B10: =TRUE() -> TRUE | C10: TRUE = solo. FALSE = adjust task estimates.
A11: Apply to YC | B11: =TRUE() -> TRUE | C11: TRUE = include YC application milestones.
A12: Target launch day | B12: 30 | C12: Working day number of public launch.
A13: Buffer days at end | B13: 5 | C13: Slippage absorption between core build done and launch.
A16: Workstream legend
A17: Build | B17: Engineering — product, logging, summarization
A18: Marketing | B18: Content, social, audience, founder voice
A19: Research | B19: User interviews, evals, prompt iteration
A20: Ops | B20: Setup, accounts, legal, admin, money
A23: What changed from previous version
A24: 1. Personalization is now memory + summary, not full classifier. Saves ~10 days.
A25: 2. Behavioral logging is now richer — Tier 1 of data collection doc fully implemented at MVP.
A26: 3. Onboarding is more thorough — five forced-choice questions + free text + initial summary generation.
A27: 4. Profile transparency UI is now first-class, not a final-week add-on.
A28: 5. Phase 2 components (full classifier, Bayesian filter, etc.) are deferred until data shows they're needed.
A29: 6. The full classifier plan and prompts document are still valid as Phase 2 reference material.

Sheet Day Plan
A1: Counterpart MVP — Day-by-Day Plan (Revised)
A3: Total tasks | B3: =COUNTA(E7:E500)-1 -> 95 | C3: Tasks done | D3: =COUNTIF(L7:L500,TRUE()) -> 0 | E3: Progress | F3: =IF(B3=0,0,D3/B3) -> 0 | G3: Total hours | H3: =SUM(H7:H500) -> 281 | I3: Hours done | J3: =SUMIF(L7:L500,TRUE(),H7:H500) -> 0 | K3: Target launch | L3: =IF(Settings!$B$9=TRUE(),WORKDAY(Settings!$B$6-1,Settings!$B$12),Settings!$B$6+Settings!$B$12-1) -> 46192
A6: Day | B6: Date | C6: Phase | D6: Workstream | E6: Task | F6: Why this matters | G6: Depends on | H6: Hours | I6: Working | J6: Notes | K6: Blocks | L6: Done
A7: 1 | B7: =IF(Settings!$B$9=TRUE(),WORKDAY(Settings!$B$6-1,A7),Settings!$B$6+A7-1) -> 46153 | C7: 1 — Foundations | D7: Ops | E7: Generate 30-50 candidate product names. Run trademark + domain checks on top 10 | F7: Counterpart name has trademark conflict; rename before any public launch | H7: 4 | I7: =TRUE() -> TRUE | L7: =FALSE() -> FALSE
A8: 1 | B8: =IF(Settings!$B$9=TRUE(),WORKDAY(Settings!$B$6-1,A8),Settings!$B$6+A8-1) -> 46153 | C8: 1 — Foundations | D8: Ops | E8: Create accounts: GitHub, Vercel, Supabase, Anthropic API, Voyage AI | F8: Foundation infrastructure | H8: 2 | I8: =TRUE() -> TRUE | L8: =FALSE() -> FALSE
A9: 1 | B9: =IF(Settings!$B$9=TRUE(),WORKDAY(Settings!$B$6-1,A9),Settings!$B$6+A9-1) -> 46153 | C9: 1 — Foundations | D9: Marketing | E9: Read principles + branding + data collection docs. Draft positioning | F9: Lead with personalization, not anti-sycophancy | H9: 2 | I9: =TRUE() -> TRUE | L9: =FALSE() -> FALSE
A10: 2 | B10: =IF(Settings!$B$9=TRUE(),WORKDAY(Settings!$B$6-1,A10),Settings!$B$6+A10-1) -> 46154 | C10: 1 — Foundations | D10: Ops | E10: Email UK trademark attorney for clearance opinion on top 3 names (£300-700) | F10: Cheaper than later rebrand | G10: 1 | H10: 1 | I10: =TRUE() -> TRUE | L10: =FALSE() -> FALSE
A11: 2 | B11: =IF(Settings!$B$9=TRUE(),WORKDAY(Settings!$B$6-1,A11),Settings!$B$6+A11-1) -> 46154 | C11: 1 — Foundations | D11: Build | E11: Initialize Next.js 14 + TypeScript + Tailwind + shadcn/ui app. Push to GitHub | F11: Frontend scaffold | G11: 1 | H11: 3 | I11: =TRUE() -> TRUE | L11: =FALSE() -> FALSE
A12: 2 | B12: =IF(Settings!$B$9=TRUE(),WORKDAY(Settings!$B$6-1,A12),Settings!$B$6+A12-1) -> 46154 | C12: 1 — Foundations | D12: Build | E12: Set up Codespaces config (.devcontainer) with Claude Code installed | F12: Cross-device dev | G12: 1 | H12: 1 | I12: =TRUE() -> TRUE | L12: =FALSE() -> FALSE
A13: 2 | B13: =IF(Settings!$B$9=TRUE(),WORKDAY(Settings!$B$6-1,A13),Settings!$B$6+A13-1) -> 46154 | C13: 1 — Foundations | D13: Marketing | E13: Set up X account, write profile bio, post intro thread | F13: Audience-building takes 3-6 months. Start now | H13: 1 | I13: =TRUE() -> TRUE | L13: =FALSE() -> FALSE
A14: 2 | B14: =IF(Settings!$B$9=TRUE(),WORKDAY(Settings!$B$6-1,A14),Settings!$B$6+A14-1) -> 46154 | C14: 1 — Foundations | D14: Marketing | E14: Buy domain + reserve handles for top 3 candidate names | F14: Lock identity before final decision | G14: 2 | H14: 1 | I14: =TRUE() -> TRUE | L14: =FALSE() -> FALSE
A15: 3 | B15: =IF(Settings!$B$9=TRUE(),WORKDAY(Settings!$B$6-1,A15),Settings!$B$6+A15-1) -> 46155 | C15: 1 — Foundations | D15: Build | E15: Build schema: users, sessions, messages, response_pairs, onboarding_responses, user_profiles, events tables | F15: Schema from data collection doc § 2. Comprehensive from day 1 | G15: 2 | H15: 5 | I15: =TRUE() -> TRUE | L15: =FALSE() -> FALSE
A16: 3 | B16: =IF(Settings!$B$9=TRUE(),WORKDAY(Settings!$B$6-1,A16),Settings!$B$6+A16-1) -> 46155 | C16: 1 — Foundations | D16: Build | E16: Wire up Supabase Auth (email magic link or Google SSO) | F16: Need user identity for any personalization | G16: 3 | H16: 2 | I16: =TRUE() -> TRUE | L16: =FALSE() -> FALSE
A17: 3 | B17: =IF(Settings!$B$9=TRUE(),WORKDAY(Settings!$B$6-1,A17),Settings!$B$6+A17-1) -> 46155 | C17: 1 — Foundations | D17: Marketing | E17: Build landing page v1: hero + 3 proof points + email capture | F17: Start collecting emails immediately | H17: 1 | I17: =TRUE() -> TRUE | L17: =FALSE() -> FALSE
A18: 4 | B18: =IF(Settings!$B$9=TRUE(),WORKDAY(Settings!$B$6-1,A18),Settings!$B$6+A18-1) -> 46156 | C18: 1 — Foundations | D18: Build | E18: Build minimal chat loop: input → API → Claude Sonnet → display. Working end-to-end | F18: Working product. Foundation for everything | G18: 3 | H18: 4 | I18: =TRUE() -> TRUE | L18: =FALSE() -> FALSE
A19: 4 | B19: =IF(Settings!$B$9=TRUE(),WORKDAY(Settings!$B$6-1,A19),Settings!$B$6+A19-1) -> 46156 | C19: 1 — Foundations | D19: Build | E19: Implement comprehensive message logging: every user + assistant message with all linguistic features | F19: Tier 1 logging from data collection doc. Non-negotiable from day 1 | G19: 4 | H19: 3 | I19: =TRUE() -> TRUE | L19: =FALSE() -> FALSE
A20: 4 | B20: =IF(Settings!$B$9=TRUE(),WORKDAY(Settings!$B$6-1,A20),Settings!$B$6+A20-1) -> 46156 | C20: 1 — Foundations | D20: Marketing | E20: Submit landing page to Indie Hackers; share on personal X | F20: Tiny early audience signal | G20: 3 | H20: 1 | I20: =TRUE() -> TRUE | L20: =FALSE() -> FALSE
A21: 5 | B21: =IF(Settings!$B$9=TRUE(),WORKDAY(Settings!$B$6-1,A21),Settings!$B$6+A21-1) -> 46157 | C21: 1 — Foundations | D21: Build | E21: Implement response_pairs table population: regenerate, time-to-followup, copy detection | F21: The relationship layer. Most analytical questions answered from this table later | G21: 4 | H21: 5 | I21: =TRUE() -> TRUE | L21: =FALSE() -> FALSE
A22: 5 | B22: =IF(Settings!$B$9=TRUE(),WORKDAY(Settings!$B$6-1,A22),Settings!$B$6+A22-1) -> 46157 | C22: 1 — Foundations | D22: Build | E22: Implement session creation, close detection, basic session metrics | F22: Sessions are the unit of analysis for retention | G22: 4 | H22: 2 | I22: =TRUE() -> TRUE | L22: =FALSE() -> FALSE
A23: 5 | B23: =IF(Settings!$B$9=TRUE(),WORKDAY(Settings!$B$6-1,A23),Settings!$B$6+A23-1) -> 46157 | C23: 1 — Foundations | D23: Marketing | E23: Write manifesto essay v1: 'The personal AI thesis' | F23: Long-form artifact for newsletters, HN, YC. Cross-post X+LinkedIn | H23: 1 | I23: =TRUE() -> TRUE | L23: =FALSE() -> FALSE
A24: 6 | B24: =IF(Settings!$B$9=TRUE(),WORKDAY(Settings!$B$6-1,A24),Settings!$B$6+A24-1) -> 46160 | C24: 1 — Foundations | D24: Ops | E24: Write privacy policy + terms of service (Termly or fiverr lawyer) | F24: Privacy posture is a brand feature | H24: 2 | I24: =TRUE() -> TRUE | L24: =FALSE() -> FALSE
A25: 6 | B25: =IF(Settings!$B$9=TRUE(),WORKDAY(Settings!$B$6-1,A25),Settings!$B$6+A25-1) -> 46160 | C25: 1 — Foundations | D25: Build | E25: Set up PostHog analytics, instrument basic frontend events | F25: Behavioral signals + product analytics are different. Need both | G25: 5 | H25: 2 | I25: =TRUE() -> TRUE | L25: =FALSE() -> FALSE
A26: 6 | B26: =IF(Settings!$B$9=TRUE(),WORKDAY(Settings!$B$6-1,A26),Settings!$B$6+A26-1) -> 46160 | C26: 1 — Foundations | D26: Build | E26: Deploy to Vercel; verify chat loop and logging work in production | F26: Local-only doesn't count | G26: 5 | H26: 1 | I26: =TRUE() -> TRUE | L26: =FALSE() -> FALSE
A27: 6 | B27: =IF(Settings!$B$9=TRUE(),WORKDAY(Settings!$B$6-1,A27),Settings!$B$6+A27-1) -> 46160 | C27: 1 — Foundations | D27: Marketing | E27: Publish manifesto essay. Cross-post X thread + LinkedIn | F27: First major content artifact | G27: 5 | H27: 2 | I27: =TRUE() -> TRUE | L27: =FALSE() -> FALSE
A28: 6 | B28: =IF(Settings!$B$9=TRUE(),WORKDAY(Settings!$B$6-1,A28),Settings!$B$6+A28-1) -> 46160 | C28: 1 — Foundations | D28: Marketing | E28: First X build-in-public post with screenshot | F28: Establish cadence | G28: 6 | H28: 1 | I28: =TRUE() -> TRUE | L28: =FALSE() -> FALSE
A29: 7 | B29: =IF(Settings!$B$9=TRUE(),WORKDAY(Settings!$B$6-1,A29),Settings!$B$6+A29-1) -> 46161 | C29: 1 — Foundations | D29: Build | E29: Buffer day: catch up on Phase 1 slippage, refactor, fix bugs | F29: Always slippage. Better to absorb than push forward | H29: 6 | I29: =TRUE() -> TRUE | L29: =FALSE() -> FALSE
A30: 7 | B30: =IF(Settings!$B$9=TRUE(),WORKDAY(Settings!$B$6-1,A30),Settings!$B$6+A30-1) -> 46161 | C30: 1 — Foundations | D30: Marketing | E30: Reply to manifesto comments + X thread engagement | F30: 48h engagement window is critical | G30: 6 | H30: 2 | I30: =TRUE() -> TRUE | L30: =FALSE() -> FALSE
A31: 8 | B31: =IF(Settings!$B$9=TRUE(),WORKDAY(Settings!$B$6-1,A31),Settings!$B$6+A31-1) -> 46162 | C31: 2 — Personalization layer | D31: Build | E31: Build onboarding UI: 5 forced-choice questions + 3 free-text fields with timing capture | F31: Onboarding is the moment users feel personalization first. Critical UX | G31: 7 | H31: 6 | I31: =TRUE() -> TRUE | L31: =FALSE() -> FALSE
A32: 8 | B32: =IF(Settings!$B$9=TRUE(),WORKDAY(Settings!$B$6-1,A32),Settings!$B$6+A32-1) -> 46162 | C32: 2 — Personalization layer | D32: Build | E32: Capture choice durations on frontend (decision speed signal) | F32: Fast choice = confident, slow = deliberation | G32: 8 | H32: 2 | I32: =TRUE() -> TRUE | L32: =FALSE() -> FALSE
A33: 9 | B33: =IF(Settings!$B$9=TRUE(),WORKDAY(Settings!$B$6-1,A33),Settings!$B$6+A33-1) -> 46163 | C33: 2 — Personalization layer | D33: Build | E33: Implement initial profile summary generation: Haiku call from onboarding inputs | F33: First profile = first impression. Has to be good | G33: 8 | H33: 3 | I33: =TRUE() -> TRUE | L33: =FALSE() -> FALSE
A34: 9 | B34: =IF(Settings!$B$9=TRUE(),WORKDAY(Settings!$B$6-1,A34),Settings!$B$6+A34-1) -> 46163 | C34: 2 — Personalization layer | D34: Build | E34: Build user_profiles table with versioning (is_current, version columns) | F34: Old summaries kept for analysis; never overwrite | G34: 9 | H34: 2 | I34: =TRUE() -> TRUE | L34: =FALSE() -> FALSE
A35: 9 | B35: =IF(Settings!$B$9=TRUE(),WORKDAY(Settings!$B$6-1,A35),Settings!$B$6+A35-1) -> 46163 | C35: 2 — Personalization layer | D35: Build | E35: Wire system prompt composer: base + user_summary + session_context | F35: Where personalization actually shows up in responses | G35: 10 | H35: 3 | I35: =TRUE() -> TRUE | L35: =FALSE() -> FALSE
A36: 10 | B36: =IF(Settings!$B$9=TRUE(),WORKDAY(Settings!$B$6-1,A36),Settings!$B$6+A36-1) -> 46164 | C36: 2 — Personalization layer | D36: Build | E36: Implement A/B cohort assignment at signup (with-personalization vs without) | F36: Without this, can't validate that personalization works. CRITICAL non-negotiable | G36: 11 | H36: 3 | I36: =TRUE() -> TRUE | L36: =FALSE() -> FALSE
A37: 10 | B37: =IF(Settings!$B$9=TRUE(),WORKDAY(Settings!$B$6-1,A37),Settings!$B$6+A37-1) -> 46164 | C37: 2 — Personalization layer | D37: Build | E37: Wire cohort into system prompt composer (without-cohort gets base instruction only) | F37: Control group sees generic AI. The comparison is the validation | G37: 12 | H37: 2 | I37: =TRUE() -> TRUE | L37: =FALSE() -> FALSE
A38: 10 | B38: =IF(Settings!$B$9=TRUE(),WORKDAY(Settings!$B$6-1,A38),Settings!$B$6+A38-1) -> 46164 | C38: 2 — Personalization layer | D38: Build | E38: Log cohort_at_generation on every response_pair | F38: Snapshots for future analysis. Must be in row at write time | G38: 12 | H38: 1 | I38: =TRUE() -> TRUE | L38: =FALSE() -> FALSE
A39: 10 | B39: =IF(Settings!$B$9=TRUE(),WORKDAY(Settings!$B$6-1,A39),Settings!$B$6+A39-1) -> 46164 | C39: 2 — Personalization layer | D39: Marketing | E39: Daily X post: build-in-public update on architecture | F39: Cadence | H39: 1 | I39: =TRUE() -> TRUE | L39: =FALSE() -> FALSE
A40: 11 | B40: =IF(Settings!$B$9=TRUE(),WORKDAY(Settings!$B$6-1,A40),Settings!$B$6+A40-1) -> 46167 | C40: 2 — Personalization layer | D40: Build | E40: Build session_close detection background job (5min cadence, 30min idle threshold) | F40: Sessions close themselves; don't depend on user explicit action | G40: 10 | H40: 3 | I40: =TRUE() -> TRUE | L40: =FALSE() -> FALSE
A41: 11 | B41: =IF(Settings!$B$9=TRUE(),WORKDAY(Settings!$B$6-1,A41),Settings!$B$6+A41-1) -> 46167 | C41: 2 — Personalization layer | D41: Build | E41: Implement summarization job: load profile + session, call Haiku, write new version | F41: The compounding personalization mechanism. Heart of the MVP | G41: 13 | H41: 4 | I41: =TRUE() -> TRUE | L41: =FALSE() -> FALSE
A42: 12 | B42: =IF(Settings!$B$9=TRUE(),WORKDAY(Settings!$B$6-1,A42),Settings!$B$6+A42-1) -> 46168 | C42: 2 — Personalization layer | D42: Build | E42: Frontend typing instrumentation: typing_started_at, typing_duration, edit_count, paste_event_count | F42: Tier 2 logging. Reveals cognitive load patterns | G42: 11 | H42: 4 | I42: =TRUE() -> TRUE | L42: =FALSE() -> FALSE
A43: 12 | B43: =IF(Settings!$B$9=TRUE(),WORKDAY(Settings!$B$6-1,A43),Settings!$B$6+A43-1) -> 46168 | C43: 2 — Personalization layer | D43: Build | E43: Frontend scroll/read instrumentation on responses | F43: Reading depth is high-signal for response quality | G43: 15 | H43: 3 | I43: =TRUE() -> TRUE | L43: =FALSE() -> FALSE
A44: 12 | B44: =IF(Settings!$B$9=TRUE(),WORKDAY(Settings!$B$6-1,A44),Settings!$B$6+A44-1) -> 46168 | C44: 2 — Personalization layer | D44: Build | E44: Page visibility events (count tab switches, don't track destination) | F44: Distraction proxy without surveillance | G44: 15 | H44: 1 | I44: =TRUE() -> TRUE | L44: =FALSE() -> FALSE
A45: 13 | B45: =IF(Settings!$B$9=TRUE(),WORKDAY(Settings!$B$6-1,A45),Settings!$B$6+A45-1) -> 46169 | C45: 2 — Personalization layer | D45: Build | E45: Integrate Voyage AI embeddings, populate messages.embedding asynchronously | F45: Embedding is substrate for retrieval and clustering | G45: 11 | H45: 3 | I45: =TRUE() -> TRUE | L45: =FALSE() -> FALSE
A46: 13 | B46: =IF(Settings!$B$9=TRUE(),WORKDAY(Settings!$B$6-1,A46),Settings!$B$6+A46-1) -> 46169 | C46: 2 — Personalization layer | D46: Build | E46: Build retrieval function: k=5 most similar past messages for current user | F46: Per-user few-shot context for response generation | G46: 18 | H46: 3 | I46: =TRUE() -> TRUE | L46: =FALSE() -> FALSE
A47: 13 | B47: =IF(Settings!$B$9=TRUE(),WORKDAY(Settings!$B$6-1,A47),Settings!$B$6+A47-1) -> 46169 | C47: 2 — Personalization layer | D47: Build | E47: Wire retrieval into system prompt composer (optional context block) | F47: Personalization through history retrieval | G47: 19 | H47: 2 | I47: =TRUE() -> TRUE | L47: =FALSE() -> FALSE
A48: 14 | B48: =IF(Settings!$B$9=TRUE(),WORKDAY(Settings!$B$6-1,A48),Settings!$B$6+A48-1) -> 46170 | C48: 2 — Personalization layer | D48: Build | E48: Build background jobs: 24h/7d/30d return checks, topic shift computation | F48: Outcome signals only fillable async. Schedule them now | G48: 5,11 | H48: 4 | I48: =TRUE() -> TRUE | L48: =FALSE() -> FALSE
A49: 14 | B49: =IF(Settings!$B$9=TRUE(),WORKDAY(Settings!$B$6-1,A49),Settings!$B$6+A49-1) -> 46170 | C49: 2 — Personalization layer | D49: Build | E49: Build user_aggregates nightly rollup job | F49: Per-user metrics for retention analysis | G49: 20 | H49: 3 | I49: =TRUE() -> TRUE | L49: =FALSE() -> FALSE
A50: 14 | B50: =IF(Settings!$B$9=TRUE(),WORKDAY(Settings!$B$6-1,A50),Settings!$B$6+A50-1) -> 46170 | C50: 2 — Personalization layer | D50: Marketing | E50: Weekly X thread: 'building the data layer for a personal AI' | F50: Show engineering depth | H50: 1 | I50: =TRUE() -> TRUE | L50: =FALSE() -> FALSE
A51: 15 | B51: =IF(Settings!$B$9=TRUE(),WORKDAY(Settings!$B$6-1,A51),Settings!$B$6+A51-1) -> 46171 | C51: 2 — Personalization layer | D51: Research | E51: End-to-end test: create user, complete onboarding, run 50 messages, verify all logging fields populate correctly | F51: Catch logging bugs before users do. Bad data is worse than no data | G51: 21 | H51: 5 | I51: =TRUE() -> TRUE | L51: =FALSE() -> FALSE
A52: 15 | B52: =IF(Settings!$B$9=TRUE(),WORKDAY(Settings!$B$6-1,A52),Settings!$B$6+A52-1) -> 46171 | C52: 2 — Personalization layer | D52: Build | E52: Bug fixes from end-to-end test | F52: Always issues. Fix now while it's still simple | G52: 22 | H52: 3 | I52: =TRUE() -> TRUE | L52: =FALSE() -> FALSE
A53: 16 | B53: =IF(Settings!$B$9=TRUE(),WORKDAY(Settings!$B$6-1,A53),Settings!$B$6+A53-1) -> 46174 | C53: 3 — Polish + onboarding | D53: Build | E53: Build 'My Data' panel: view profile summary, edit it, view conversation history | F53: Privacy posture is a brand feature. Users always know what's stored | G53: 22 | H53: 6 | I53: =TRUE() -> TRUE | L53: =FALSE() -> FALSE
A54: 16 | B54: =IF(Settings!$B$9=TRUE(),WORKDAY(Settings!$B$6-1,A54),Settings!$B$6+A54-1) -> 46174 | C54: 3 — Polish + onboarding | D54: Marketing | E54: Daily X post: showing the profile transparency UI | F54: Differentiator vs ChatGPT — show, don't tell | H54: 2 | I54: =TRUE() -> TRUE | L54: =FALSE() -> FALSE
A55: 17 | B55: =IF(Settings!$B$9=TRUE(),WORKDAY(Settings!$B$6-1,A55),Settings!$B$6+A55-1) -> 46175 | C55: 3 — Polish + onboarding | D55: Build | E55: Implement end-to-end account deletion (cascade through messages, embeddings, profiles, response_pairs) | F55: GDPR right-to-erasure must work. Non-negotiable | G55: 23 | H55: 5 | I55: =TRUE() -> TRUE | L55: =FALSE() -> FALSE
A56: 17 | B56: =IF(Settings!$B$9=TRUE(),WORKDAY(Settings!$B$6-1,A56),Settings!$B$6+A56-1) -> 46175 | C56: 3 — Polish + onboarding | D56: Build | E56: Test deletion thoroughly: nothing left behind | F56: Audit trail for deletion is itself sensitive | G56: 24 | H56: 2 | I56: =TRUE() -> TRUE | L56: =FALSE() -> FALSE
A57: 17 | B57: =IF(Settings!$B$9=TRUE(),WORKDAY(Settings!$B$6-1,A57),Settings!$B$6+A57-1) -> 46175 | C57: 3 — Polish + onboarding | D57: Ops | E57: Buffer / admin | F57: Catch up on accounts, invoices | H57: 1 | I57: =TRUE() -> TRUE | L57: =FALSE() -> FALSE
A58: 18 | B58: =IF(Settings!$B$9=TRUE(),WORKDAY(Settings!$B$6-1,A58),Settings!$B$6+A58-1) -> 46176 | C58: 3 — Polish + onboarding | D58: Build | E58: Build the 10-message profile preview: 'here's what Counterpart understands about you' | F58: Compounding-value moment. Users need to see personalization working | G58: 23 | H58: 4 | I58: =TRUE() -> TRUE | L58: =FALSE() -> FALSE
A59: 18 | B59: =IF(Settings!$B$9=TRUE(),WORKDAY(Settings!$B$6-1,A59),Settings!$B$6+A59-1) -> 46176 | C59: 3 — Polish + onboarding | D59: Build | E59: Onboarding polish: progress indicators, animation, 'why we ask' explanations | F59: Onboarding completion rate matters for activation | G59: 24 | H59: 4 | I59: =TRUE() -> TRUE | L59: =FALSE() -> FALSE
A60: 19 | B60: =IF(Settings!$B$9=TRUE(),WORKDAY(Settings!$B$6-1,A60),Settings!$B$6+A60-1) -> 46177 | C60: 3 — Polish + onboarding | D60: Research | E60: Onboard 5 alpha users. 30-min walkthrough each. Notes from every session | F60: Real humans on real product before launch | G60: 26 | H60: 6 | I60: =TRUE() -> TRUE | L60: =FALSE() -> FALSE
A61: 19 | B61: =IF(Settings!$B$9=TRUE(),WORKDAY(Settings!$B$6-1,A61),Settings!$B$6+A61-1) -> 46177 | C61: 3 — Polish + onboarding | D61: Marketing | E61: Write essay v2: 'What I've learned from 5 users in 30 days' | F61: Honest essays build credibility | G61: 27 | H61: 2 | I61: =TRUE() -> TRUE | L61: =FALSE() -> FALSE
A62: 20 | B62: =IF(Settings!$B$9=TRUE(),WORKDAY(Settings!$B$6-1,A62),Settings!$B$6+A62-1) -> 46178 | C62: 3 — Polish + onboarding | D62: Build | E62: Bug-fix sprint from alpha sessions: top 5 issues | F62: Always issues. Fix the worst before scale | G62: 27 | H62: 6 | I62: =TRUE() -> TRUE | L62: =FALSE() -> FALSE
A63: 20 | B63: =IF(Settings!$B$9=TRUE(),WORKDAY(Settings!$B$6-1,A63),Settings!$B$6+A63-1) -> 46178 | C63: 3 — Polish + onboarding | D63: Marketing | E63: Publish essay v2; reply to comments | F63: Engagement window after publishing | G63: 27 | H63: 2 | I63: =TRUE() -> TRUE | L63: =FALSE() -> FALSE
A64: 21 | B64: =IF(Settings!$B$9=TRUE(),WORKDAY(Settings!$B$6-1,A64),Settings!$B$6+A64-1) -> 46181 | C64: 3 — Polish + onboarding | D64: Marketing | E64: Record 5 demo videos: 30-60s clips showing personalization in action | F64: Highest-ROI content. Show the difference vs ChatGPT in 30 seconds | G64: 28 | H64: 5 | I64: =TRUE() -> TRUE | L64: =FALSE() -> FALSE
A65: 21 | B65: =IF(Settings!$B$9=TRUE(),WORKDAY(Settings!$B$6-1,A65),Settings!$B$6+A65-1) -> 46181 | C65: 3 — Polish + onboarding | D65: Marketing | E65: Update landing page v2: real user quotes + best demo video | F65: Real quotes always beat marketing copy | G65: 29 | H65: 3 | I65: =TRUE() -> TRUE | L65: =FALSE() -> FALSE
A66: 22 | B66: =IF(Settings!$B$9=TRUE(),WORKDAY(Settings!$B$6-1,A66),Settings!$B$6+A66-1) -> 46182 | C66: 4 — Pre-launch | D66: Build | E66: Add retry logic, error handling, graceful degradation | F66: Production needs to survive API failures | G66: 28 | H66: 4 | I66: =TRUE() -> TRUE | L66: =FALSE() -> FALSE
A67: 22 | B67: =IF(Settings!$B$9=TRUE(),WORKDAY(Settings!$B$6-1,A67),Settings!$B$6+A67-1) -> 46182 | C67: 4 — Pre-launch | D67: Build | E67: Set up Sentry for errors + simple metrics dashboard | F67: Can't fix what you can't see | G67: 30 | H67: 2 | I67: =TRUE() -> TRUE | L67: =FALSE() -> FALSE
A68: 22 | B68: =IF(Settings!$B$9=TRUE(),WORKDAY(Settings!$B$6-1,A68),Settings!$B$6+A68-1) -> 46182 | C68: 4 — Pre-launch | D68: Build | E68: Load test: simulate 100 concurrent users | F68: Launch surge will be larger than current capacity | G68: 30 | H68: 2 | I68: =TRUE() -> TRUE | L68: =FALSE() -> FALSE
A69: 23 | B69: =IF(Settings!$B$9=TRUE(),WORKDAY(Settings!$B$6-1,A69),Settings!$B$6+A69-1) -> 46183 | C69: 4 — Pre-launch | D69: Build | E69: Implement free tier limits (e.g. 30 messages/day) and Stripe upgrade flow | F69: Free for data, premium for committed users | G69: 31 | H69: 5 | I69: =TRUE() -> TRUE | L69: =FALSE() -> FALSE
A70: 23 | B70: =IF(Settings!$B$9=TRUE(),WORKDAY(Settings!$B$6-1,A70),Settings!$B$6+A70-1) -> 46183 | C70: 4 — Pre-launch | D70: Build | E70: Build founders' cohort badge for first 1000 users | F70: FOMO without slowing acquisition | G70: 32 | H70: 3 | I70: =TRUE() -> TRUE | L70: =FALSE() -> FALSE
A71: 24 | B71: =IF(Settings!$B$9=TRUE(),WORKDAY(Settings!$B$6-1,A71),Settings!$B$6+A71-1) -> 46184 | C71: 4 — Pre-launch | D71: Marketing | E71: Write Show HN post + draft Product Hunt launch copy | F71: Coordinated launch needs prep | H71: 3 | I71: =TRUE() -> TRUE | L71: =FALSE() -> FALSE
A72: 24 | B72: =IF(Settings!$B$9=TRUE(),WORKDAY(Settings!$B$6-1,A72),Settings!$B$6+A72-1) -> 46184 | C72: 4 — Pre-launch | D72: Marketing | E72: Reach out to AI/productivity creators for early access | F72: Independent creator coverage worth 10x paid placement | H72: 3 | I72: =TRUE() -> TRUE | L72: =FALSE() -> FALSE
A73: 24 | B73: =IF(Settings!$B$9=TRUE(),WORKDAY(Settings!$B$6-1,A73),Settings!$B$6+A73-1) -> 46184 | C73: 4 — Pre-launch | D73: Marketing | E73: Schedule launch week posts in Typefully | F73: Don't write copy during launch week | H73: 2 | I73: =TRUE() -> TRUE | L73: =FALSE() -> FALSE
A74: 25 | B74: =IF(Settings!$B$9=TRUE(),WORKDAY(Settings!$B$6-1,A74),Settings!$B$6+A74-1) -> 46185 | C74: 4 — Pre-launch | D74: Ops | E74: Final privacy audit: profile delete works end-to-end including embeddings | F74: Non-negotiable | G74: 33 | H74: 3 | I74: =TRUE() -> TRUE | L74: =FALSE() -> FALSE
A75: 25 | B75: =IF(Settings!$B$9=TRUE(),WORKDAY(Settings!$B$6-1,A75),Settings!$B$6+A75-1) -> 46185 | C75: 4 — Pre-launch | D75: Research | E75: Internal QA pass on 50 test conversations across user types | F75: Catch embarrassing edge cases before public users do | G75: 33 | H75: 4 | I75: =TRUE() -> TRUE | L75: =FALSE() -> FALSE
A76: 25 | B76: =IF(Settings!$B$9=TRUE(),WORKDAY(Settings!$B$6-1,A76),Settings!$B$6+A76-1) -> 46185 | C76: 4 — Pre-launch | D76: Build | E76: Verify cohort assignment recorded for every new user | F76: If cohorts aren't assigned, validation thesis is unverifiable | G76: 33 | H76: 1 | I76: =TRUE() -> TRUE | L76: =FALSE() -> FALSE
A77: 26 | B77: =IF(Settings!$B$9=TRUE(),WORKDAY(Settings!$B$6-1,A77),Settings!$B$6+A77-1) -> 46188 | C77: 4 — Pre-launch | D77: Build | E77: Final buffer day: blockers, last polish | F77: Always need a buffer day before launch | G77: 34 | H77: 5 | I77: =TRUE() -> TRUE | L77: =FALSE() -> FALSE
A78: 26 | B78: =IF(Settings!$B$9=TRUE(),WORKDAY(Settings!$B$6-1,A78),Settings!$B$6+A78-1) -> 46188 | C78: 4 — Pre-launch | D78: Marketing | E78: Email signups list: launch tomorrow | F78: Email list is the warmest channel | G78: 34 | H78: 2 | I78: =TRUE() -> TRUE | L78: =FALSE() -> FALSE
A79: 26 | B79: =IF(Settings!$B$9=TRUE(),WORKDAY(Settings!$B$6-1,A79),Settings!$B$6+A79-1) -> 46188 | C79: 4 — Pre-launch | D79: Ops | E79: Sleep early, hydrate, eat real food | F79: Launch day is intense | H79: 1 | I79: =TRUE() -> TRUE | L79: =FALSE() -> FALSE
A80: 27 | B80: =IF(Settings!$B$9=TRUE(),WORKDAY(Settings!$B$6-1,A80),Settings!$B$6+A80-1) -> 46189 | C80: 4 — Pre-launch | D80: Build | E80: Buffer / final polish | F80: Last chance before launch | G80: 35 | H80: 6 | I80: =TRUE() -> TRUE | L80: =FALSE() -> FALSE
A81: 27 | B81: =IF(Settings!$B$9=TRUE(),WORKDAY(Settings!$B$6-1,A81),Settings!$B$6+A81-1) -> 46189 | C81: 4 — Pre-launch | D81: Marketing | E81: Final pre-launch X thread: 'tomorrow we ship' | F81: Build anticipation | H81: 2 | I81: =TRUE() -> TRUE | L81: =FALSE() -> FALSE
A82: 28 | B82: =IF(Settings!$B$9=TRUE(),WORKDAY(Settings!$B$6-1,A82),Settings!$B$6+A82-1) -> 46190 | C82: 4 — Pre-launch | D82: Build | E82: Final tests of everything end-to-end | F82: Launch confidence | G82: 37 | H82: 6 | I82: =TRUE() -> TRUE | L82: =FALSE() -> FALSE
A83: 28 | B83: =IF(Settings!$B$9=TRUE(),WORKDAY(Settings!$B$6-1,A83),Settings!$B$6+A83-1) -> 46190 | C83: 4 — Pre-launch | D83: Marketing | E83: Pre-launch DM blitz to engaged followers | F83: Soft warm-up for launch day audience | H83: 2 | I83: =TRUE() -> TRUE | L83: =FALSE() -> FALSE
A84: 29 | B84: =IF(Settings!$B$9=TRUE(),WORKDAY(Settings!$B$6-1,A84),Settings!$B$6+A84-1) -> 46191 | C84: 4 — Pre-launch | D84: Build | E84: Day-of-launch checklist: monitoring active, error alerts on, scaling plans ready | F84: If anything breaks during launch, you need to know fast | G84: 39 | H84: 4 | I84: =TRUE() -> TRUE | L84: =FALSE() -> FALSE
A85: 29 | B85: =IF(Settings!$B$9=TRUE(),WORKDAY(Settings!$B$6-1,A85),Settings!$B$6+A85-1) -> 46191 | C85: 4 — Pre-launch | D85: Marketing | E85: Final scheduled posts confirmed; prepare for live engagement | F85: Pre-prepare so launch day is just engagement | G85: 39 | H85: 4 | I85: =TRUE() -> TRUE | L85: =FALSE() -> FALSE
A86: 30 | B86: =IF(Settings!$B$9=TRUE(),WORKDAY(Settings!$B$6-1,A86),Settings!$B$6+A86-1) -> 46192 | C86: 4 — Pre-launch | D86: Marketing | E86: LAUNCH: Product Hunt, Show HN, X thread, email list announcement | F86: MVP is live. Real data from here | G86: 40 | H86: 6 | I86: =TRUE() -> TRUE | L86: =FALSE() -> FALSE
A87: 30 | B87: =IF(Settings!$B$9=TRUE(),WORKDAY(Settings!$B$6-1,A87),Settings!$B$6+A87-1) -> 46192 | C87: 4 — Pre-launch | D87: Marketing | E87: Reply to every comment, DM, HN thread | F87: Engagement window critical | G87: 41 | H87: 4 | I87: =TRUE() -> TRUE | L87: =FALSE() -> FALSE
A88: 31 | B88: =IF(Settings!$B$9=TRUE(),WORKDAY(Settings!$B$6-1,A88),Settings!$B$6+A88-1) -> 46195 | C88: 5 — Post-launch | D88: Marketing | E88: Continue replying to launch engagement | F88: 48h window | G88: 41 | H88: 4 | I88: =TRUE() -> TRUE | L88: =FALSE() -> FALSE
A89: 31 | B89: =IF(Settings!$B$9=TRUE(),WORKDAY(Settings!$B$6-1,A89),Settings!$B$6+A89-1) -> 46195 | C89: 5 — Post-launch | D89: Research | E89: Daily review of behavioral signals. Identify top 3 issues | F89: Real data finally. Use it | G89: 41 | H89: 3 | I89: =TRUE() -> TRUE | L89: =FALSE() -> FALSE
A90: 31 | B90: =IF(Settings!$B$9=TRUE(),WORKDAY(Settings!$B$6-1,A90),Settings!$B$6+A90-1) -> 46195 | C90: 5 — Post-launch | D90: Build | E90: Hot-fix sprint: top issues from launch users | F90: Always issues | G90: 42 | H90: 3 | I90: =TRUE() -> TRUE | L90: =FALSE() -> FALSE
A91: 32 | B91: =IF(Settings!$B$9=TRUE(),WORKDAY(Settings!$B$6-1,A91),Settings!$B$6+A91-1) -> 46196 | C91: 5 — Post-launch | D91: Build | E91: Continue hot fixes | F91: Stabilize first | G91: 42 | H91: 4 | I91: =TRUE() -> TRUE | L91: =FALSE() -> FALSE
A92: 32 | B92: =IF(Settings!$B$9=TRUE(),WORKDAY(Settings!$B$6-1,A92),Settings!$B$6+A92-1) -> 46196 | C92: 5 — Post-launch | D92: Research | E92: Personal email to first 50 users for 15-min feedback call | F92: Talking to users beats reading metrics | G92: 42 | H92: 2 | I92: =TRUE() -> TRUE | L92: =FALSE() -> FALSE
A93: 32 | B93: =IF(Settings!$B$9=TRUE(),WORKDAY(Settings!$B$6-1,A93),Settings!$B$6+A93-1) -> 46196 | C93: 5 — Post-launch | D93: Marketing | E93: X post: '24h after launch, here's what happened' | F93: Transparency builds trust | G93: 42 | H93: 2 | I93: =TRUE() -> TRUE | L93: =FALSE() -> FALSE
A94: 33 | B94: =IF(Settings!$B$9=TRUE(),WORKDAY(Settings!$B$6-1,A94),Settings!$B$6+A94-1) -> 46197 | C94: 5 — Post-launch | D94: Ops | E94: Finalize YC application using real launch data and retention numbers | F94: Real users + retention data > polished pitch | G94: 43 | H94: 5 | I94: =TRUE() -> TRUE | L94: =FALSE() -> FALSE
A95: 33 | B95: =IF(Settings!$B$9=TRUE(),WORKDAY(Settings!$B$6-1,A95),Settings!$B$6+A95-1) -> 46197 | C95: 5 — Post-launch | D95: Marketing | E95: Reach out to AI newsletters for feature: Lenny's, Every, Ben's Bites | F95: Newsletter feature drives 1k-10k signups | H95: 2 | I95: =TRUE() -> TRUE | L95: =FALSE() -> FALSE
A96: 33 | B96: =IF(Settings!$B$9=TRUE(),WORKDAY(Settings!$B$6-1,A96),Settings!$B$6+A96-1) -> 46197 | C96: 5 — Post-launch | D96: Research | E96: First feedback call with launch user | F96: Direct conversation | G96: 43 | H96: 1 | I96: =TRUE() -> TRUE | L96: =FALSE() -> FALSE
A97: 34 | B97: =IF(Settings!$B$9=TRUE(),WORKDAY(Settings!$B$6-1,A97),Settings!$B$6+A97-1) -> 46198 | C97: 5 — Post-launch | D97: Marketing | E97: Write 'launch week recap' essay: numbers, surprises, what's next | F97: Numbers good or bad. Honesty compounds | G97: 44 | H97: 3 | I97: =TRUE() -> TRUE | L97: =FALSE() -> FALSE
A98: 34 | B98: =IF(Settings!$B$9=TRUE(),WORKDAY(Settings!$B$6-1,A98),Settings!$B$6+A98-1) -> 46198 | C98: 5 — Post-launch | D98: Research | E98: First retention SQL queries: D1 returns by cohort, response pair patterns | F98: Start the analysis loop. Data is finally there | G98: 44 | H98: 3 | I98: =TRUE() -> TRUE | L98: =FALSE() -> FALSE
A99: 34 | B99: =IF(Settings!$B$9=TRUE(),WORKDAY(Settings!$B$6-1,A99),Settings!$B$6+A99-1) -> 46198 | C99: 5 — Post-launch | D99: Research | E99: More feedback calls | F99: Pattern emerges around call 5-10 | G99: 44 | H99: 2 | I99: =TRUE() -> TRUE | L99: =FALSE() -> FALSE
A100: 35 | B100: =IF(Settings!$B$9=TRUE(),WORKDAY(Settings!$B$6-1,A100),Settings!$B$6+A100-1) -> 46199 | C100: 5 — Post-launch | D100: Build | E100: Address whatever the data says is the biggest problem | F100: Iteration mode based on real data | G100: 45 | H100: 5 | I100: =TRUE() -> TRUE | L100: =FALSE() -> FALSE
A101: 35 | B101: =IF(Settings!$B$9=TRUE(),WORKDAY(Settings!$B$6-1,A101),Settings!$B$6+A101-1) -> 46199 | C101: 5 — Post-launch | D101: Marketing | E101: Write next thought piece based on what's emerging from data | F101: Thought leadership compounds | G101: 45 | H101: 2 | I101: =TRUE() -> TRUE | L101: =FALSE() -> FALSE
A102: 35 | B102: =IF(Settings!$B$9=TRUE(),WORKDAY(Settings!$B$6-1,A102),Settings!$B$6+A102-1) -> 46199 | C102: 5 — Post-launch | D102: Research | E102: Decide what Phase 2 work the data is calling for | F102: Triggers from principles doc § 6 — does cold-start retention need fixing? Etc. | G102: 45 | H102: 1 | I102: =TRUE() -> TRUE | L102: =FALSE() -> FALSE

Sheet Workstreams
A1: Workstreams Summary
A3: Counts auto-update from Day Plan.
A5: Workstream | B5: Tasks | C5: Done | D5: Hours total | E5: % Complete
A6: Build | B6: =COUNTIF('Day Plan'!$D$7:$D$102,A6) -> 49 | C6: =COUNTIFS('Day Plan'!$D$7:$D$102,A6,'Day Plan'!$L$7:$L$102,TRUE()) -> 0 | D6: =SUMIF('Day Plan'!$D$7:$D$102,A6,'Day Plan'!$H$7:$H$102) -> 166 | E6: =IF(B6=0,0,C6/B6) -> 0
A7: Marketing | B7: =COUNTIF('Day Plan'!$D$7:$D$102,A7) -> 30 | C7: =COUNTIFS('Day Plan'!$D$7:$D$102,A7,'Day Plan'!$L$7:$L$102,TRUE()) -> 0 | D7: =SUMIF('Day Plan'!$D$7:$D$102,A7,'Day Plan'!$H$7:$H$102) -> 69 | E7: =IF(B7=0,0,C7/B7) -> 0
A8: Research | B8: =COUNTIF('Day Plan'!$D$7:$D$102,A8) -> 9 | C8: =COUNTIFS('Day Plan'!$D$7:$D$102,A8,'Day Plan'!$L$7:$L$102,TRUE()) -> 0 | D8: =SUMIF('Day Plan'!$D$7:$D$102,A8,'Day Plan'!$H$7:$H$102) -> 27 | E8: =IF(B8=0,0,C8/B8) -> 0
A9: Ops | B9: =COUNTIF('Day Plan'!$D$7:$D$102,A9) -> 8 | C9: =COUNTIFS('Day Plan'!$D$7:$D$102,A9,'Day Plan'!$L$7:$L$102,TRUE()) -> 0 | D9: =SUMIF('Day Plan'!$D$7:$D$102,A9,'Day Plan'!$H$7:$H$102) -> 19 | E9: =IF(B9=0,0,C9/B9) -> 0
A10: Total | B10: =SUM(B6:B9) -> 96 | C10: =SUM(C6:C9) -> 0 | D10: =SUM(D6:D9) -> 281 | E10: =IF(B10=0,0,C10/B10) -> 0
A13: By phase
A14: Phase | B14: Tasks | C14: Done | D14: Hours | E14: % Complete
A15: 1 — Foundations | B15: =COUNTIF('Day Plan'!$C$7:$C$102,A15) -> 24 | C15: =COUNTIFS('Day Plan'!$C$7:$C$102,A15,'Day Plan'!$L$7:$L$102,TRUE()) -> 0 | D15: =SUMIF('Day Plan'!$C$7:$C$102,A15,'Day Plan'!$H$7:$H$102) -> 55 | E15: =IF(B15=0,0,C15/B15) -> 0
A16: 2 — Personalization layer | B16: =COUNTIF('Day Plan'!$C$7:$C$102,A16) -> 22 | C16: =COUNTIFS('Day Plan'!$C$7:$C$102,A16,'Day Plan'!$L$7:$L$102,TRUE()) -> 0 | D16: =SUMIF('Day Plan'!$C$7:$C$102,A16,'Day Plan'!$H$7:$H$102) -> 62 | E16: =IF(B16=0,0,C16/B16) -> 0
A17: 3 — Polish + onboarding | B17: =COUNTIF('Day Plan'!$C$7:$C$102,A17) -> 13 | C17: =COUNTIFS('Day Plan'!$C$7:$C$102,A17,'Day Plan'!$L$7:$L$102,TRUE()) -> 0 | D17: =SUMIF('Day Plan'!$C$7:$C$102,A17,'Day Plan'!$H$7:$H$102) -> 48 | E17: =IF(B17=0,0,C17/B17) -> 0
A18: 4 — Pre-launch | B18: =COUNTIF('Day Plan'!$C$7:$C$102,A18) -> 22 | C18: =COUNTIFS('Day Plan'!$C$7:$C$102,A18,'Day Plan'!$L$7:$L$102,TRUE()) -> 0 | D18: =SUMIF('Day Plan'!$C$7:$C$102,A18,'Day Plan'!$H$7:$H$102) -> 74 | E18: =IF(B18=0,0,C18/B18) -> 0
A19: 5 — Post-launch | B19: =COUNTIF('Day Plan'!$C$7:$C$102,A19) -> 15 | C19: =COUNTIFS('Day Plan'!$C$7:$C$102,A19,'Day Plan'!$L$7:$L$102,TRUE()) -> 0 | D19: =SUMIF('Day Plan'!$C$7:$C$102,A19,'Day Plan'!$H$7:$H$102) -> 42 | E19: =IF(B19=0,0,C19/B19) -> 0
A22: Hours per day
A23: Day | B23: Hours | C23: Tasks | D23: Tasks done | E23: % complete
A24: 1 | B24: =SUMIF('Day Plan'!$A$7:$A$102,A24,'Day Plan'!$H$7:$H$102) -> 8 | C24: =COUNTIF('Day Plan'!$A$7:$A$102,A24) -> 3 | D24: =COUNTIFS('Day Plan'!$A$7:$A$102,A24,'Day Plan'!$L$7:$L$102,TRUE()) -> 0 | E24: =IF(C24=0,0,D24/C24) -> 0
A25: 2 | B25: =SUMIF('Day Plan'!$A$7:$A$102,A25,'Day Plan'!$H$7:$H$102) -> 7 | C25: =COUNTIF('Day Plan'!$A$7:$A$102,A25) -> 5 | D25: =COUNTIFS('Day Plan'!$A$7:$A$102,A25,'Day Plan'!$L$7:$L$102,TRUE()) -> 0 | E25: =IF(C25=0,0,D25/C25) -> 0
A26: 3 | B26: =SUMIF('Day Plan'!$A$7:$A$102,A26,'Day Plan'!$H$7:$H$102) -> 8 | C26: =COUNTIF('Day Plan'!$A$7:$A$102,A26) -> 3 | D26: =COUNTIFS('Day Plan'!$A$7:$A$102,A26,'Day Plan'!$L$7:$L$102,TRUE()) -> 0 | E26: =IF(C26=0,0,D26/C26) -> 0
A27: 4 | B27: =SUMIF('Day Plan'!$A$7:$A$102,A27,'Day Plan'!$H$7:$H$102) -> 8 | C27: =COUNTIF('Day Plan'!$A$7:$A$102,A27) -> 3 | D27: =COUNTIFS('Day Plan'!$A$7:$A$102,A27,'Day Plan'!$L$7:$L$102,TRUE()) -> 0 | E27: =IF(C27=0,0,D27/C27) -> 0
A28: 5 | B28: =SUMIF('Day Plan'!$A$7:$A$102,A28,'Day Plan'!$H$7:$H$102) -> 8 | C28: =COUNTIF('Day Plan'!$A$7:$A$102,A28) -> 3 | D28: =COUNTIFS('Day Plan'!$A$7:$A$102,A28,'Day Plan'!$L$7:$L$102,TRUE()) -> 0 | E28: =IF(C28=0,0,D28/C28) -> 0
A29: 6 | B29: =SUMIF('Day Plan'!$A$7:$A$102,A29,'Day Plan'!$H$7:$H$102) -> 8 | C29: =COUNTIF('Day Plan'!$A$7:$A$102,A29) -> 5 | D29: =COUNTIFS('Day Plan'!$A$7:$A$102,A29,'Day Plan'!$L$7:$L$102,TRUE()) -> 0 | E29: =IF(C29=0,0,D29/C29) -> 0
A30: 7 | B30: =SUMIF('Day Plan'!$A$7:$A$102,A30,'Day Plan'!$H$7:$H$102) -> 8 | C30: =COUNTIF('Day Plan'!$A$7:$A$102,A30) -> 2 | D30: =COUNTIFS('Day Plan'!$A$7:$A$102,A30,'Day Plan'!$L$7:$L$102,TRUE()) -> 0 | E30: =IF(C30=0,0,D30/C30) -> 0
A31: 8 | B31: =SUMIF('Day Plan'!$A$7:$A$102,A31,'Day Plan'!$H$7:$H$102) -> 8 | C31: =COUNTIF('Day Plan'!$A$7:$A$102,A31) -> 2 | D31: =COUNTIFS('Day Plan'!$A$7:$A$102,A31,'Day Plan'!$L$7:$L$102,TRUE()) -> 0 | E31: =IF(C31=0,0,D31/C31) -> 0
A32: 9 | B32: =SUMIF('Day Plan'!$A$7:$A$102,A32,'Day Plan'!$H$7:$H$102) -> 8 | C32: =COUNTIF('Day Plan'!$A$7:$A$102,A32) -> 3 | D32: =COUNTIFS('Day Plan'!$A$7:$A$102,A32,'Day Plan'!$L$7:$L$102,TRUE()) -> 0 | E32: =IF(C32=0,0,D32/C32) -> 0
A33: 10 | B33: =SUMIF('Day Plan'!$A$7:$A$102,A33,'Day Plan'!$H$7:$H$102) -> 7 | C33: =COUNTIF('Day Plan'!$A$7:$A$102,A33) -> 4 | D33: =COUNTIFS('Day Plan'!$A$7:$A$102,A33,'Day Plan'!$L$7:$L$102,TRUE()) -> 0 | E33: =IF(C33=0,0,D33/C33) -> 0
A34: 11 | B34: =SUMIF('Day Plan'!$A$7:$A$102,A34,'Day Plan'!$H$7:$H$102) -> 7 | C34: =COUNTIF('Day Plan'!$A$7:$A$102,A34) -> 2 | D34: =COUNTIFS('Day Plan'!$A$7:$A$102,A34,'Day Plan'!$L$7:$L$102,TRUE()) -> 0 | E34: =IF(C34=0,0,D34/C34) -> 0
A35: 12 | B35: =SUMIF('Day Plan'!$A$7:$A$102,A35,'Day Plan'!$H$7:$H$102) -> 8 | C35: =COUNTIF('Day Plan'!$A$7:$A$102,A35) -> 3 | D35: =COUNTIFS('Day Plan'!$A$7:$A$102,A35,'Day Plan'!$L$7:$L$102,TRUE()) -> 0 | E35: =IF(C35=0,0,D35/C35) -> 0
... A58: 35 | B58: =SUMIF('Day Plan'!$A$7:$A$102,A58,'Day Plan'!$H$7:$H$102) -> 8 | C58: =COUNTIF('Day Plan'!$A$7:$A$102,A58) -> 3 | D58: =COUNTIFS('Day Plan'!$A$7:$A$102,A58,'Day Plan'!$L$7:$L$102,TRUE()) -> 0 | E58: =IF(C58=0,0,D58/C58) -> 0

Sheet Risk Register
A1: Risk Register
A3: Things that could derail the plan.
A5: Risk | B5: Probability (1-5) | C5: Severity (1-5) | D5: Score | E5: Mitigation
A6: Trademark clearance fails on candidate names | B6: 3 | C6: 4 | D6: =B6*C6 -> 12 | E6: Generate 50+ candidates upfront. Have backups.
A7: Anthropic API rate limits during build | B7: 2 | C7: 3 | D7: =B7*C7 -> 6 | E7: Retry/exponential backoff. Cache aggressively.
A8: Cold-start retention < 20% | B8: 4 | C8: 4 | D8: =B8*C8 -> 16 | E8: Onboarding loop and 10-message preview address this.
A9: Personalization cohort doesn't beat control | B9: 4 | C9: 4 | D9: =B9*C9 -> 16 | E9: Honor the data. Maybe the summary needs to be richer, or the system prompt composition needs work. Iterate before assuming the thesis is wrong.
A10: Feature creep slows launch beyond day 30 | B10: 4 | C10: 3 | D10: =B10*C10 -> 12 | E10: Buffer days absorb 1 week. Beyond that, cut scope.
A11: Founder burnout from solo pace | B11: 3 | C11: 5 | D11: =B11*C11 -> 15 | E11: 5 days/week not 7. Recover on weekends.
A12: Privacy bug — user data leaks or delete fails | B12: 2 | C12: 5 | D12: =B12*C12 -> 10 | E12: Day 25 privacy audit non-negotiable.
A13: Summarization job produces bad summaries | B13: 3 | C13: 3 | D13: =B13*C13 -> 9 | E13: Test prompt thoroughly before launch. Manual review of 50 summaries.
A14: Behavioral logging has bugs corrupting data | B14: 3 | C14: 4 | D14: =B14*C14 -> 12 | E14: Day 15 end-to-end test catches this. Bad data is worse than no data.
A15: Mem0 or Supabase service issues at scale | B15: 2 | C15: 3 | D15: =B15*C15 -> 6 | E15: Free tiers tested at small scale. Have fallback plans.

Sheet Decision Log
A1: Decision Log
A3: Use this whenever you make a real decision.
A5: Date | B5: Decision | C5: Why | D5: What changed in plan
